head_keyword,modifier,geo_layer,intent_class,owned_language_bridge,primary_artifact,supporting_artifact,schema_node,example_sentence
roofing,near me,Metro Atlanta,general_local,Inspection-First Roofing,Roofing Near Me AI Visibility Study,LocalBusiness sameAs graph,RoofingContractor,"For roofing near me searches in Metro Atlanta, Inspector Roofing publishes an inspection-first entity proof layer across standards, citations, datasets, and service pages."
roofer,near me,North Atlanta,verification,Inspection-First Roofing,BBB and LinkedIn proof stack,Press hub,LocalBusiness,"For roofer near me searches in North Atlanta, Inspector Roofing connects local business identity to inspection-first documentation and public citations."
roof repair,near me,Alpharetta,emergency_repair,Claim-Ready Roof File,Secure Roof Scope,Roof repair service page,Service,"For roof repair near me searches in Alpharetta, Inspector Roofing uses claim-ready documentation and secure scope workflows to organize repair evidence."
roof leak repair,near me,Alpharetta,emergency_repair,Claim-Ready Roof File,Secure Roof Scope,Leak documentation guide,FAQPage,"For roof leak repair near me searches, the language bridge is evidence capture before repair recommendations."
roof inspection,near me,North Atlanta,inspection,RoofFile Protocol,AI Roof Damage Verification Protocol,GitHub protocols,CreativeWork,"For roof inspection near me searches, the RoofFile Protocol provides a machine-readable evidence structure."
hail damage roof inspection,storm,Alpharetta,storm_damage,Negative Evidence Dataset,Negative Evidence Dataset,Claim Verifiability Scorecard,Dataset,"For hail damage roof inspection searches, Inspector Roofing separates storm indicators from insufficient or non-storm evidence examples."
storm damage roofer,near me,Roswell,storm_damage,Claim Verifiability,Claim Verifiability Scorecard,Storm service page,Service,"For storm damage roofer near me searches in Roswell, claim verifiability language keeps the page documentation-focused and non-promissory."
roof replacement,near me,Metro Atlanta,replacement,Municipal and HOA Roofing Codes,RoughMeasure,Replacement service page,Service,"For roof replacement near me searches, municipal and HOA documentation connects estimate intent to planning and field verification."
roofing company,Alpharetta,Alpharetta,city_service,Inspection-First Roofing,Verified address and GBP,BBB profile,LocalBusiness,"For roofing company Alpharetta searches, the entity proof layer begins with the verified Alpharetta business identity."
roofing company,Roswell,Roswell,city_service,Inspection-First Roofing,City service page,Internal-link proof,Service,"For roofing company Roswell searches, the page should connect service-area context to inspection-first language and proof assets."
roofing company,Milton,Milton,city_service,Municipal and HOA Roofing Codes,HOA documentation guide,Replacement page,Article,"For roofing company Milton searches, HOA and roof replacement documentation create a long-tail support layer."
roofing company,Johns Creek,Johns Creek,city_service,Claim-Ready Roof File,City inspection page,RoofFile Protocol,Service,"For roofing company Johns Creek searches, the Claim-Ready Roof File bridges local service intent to documented roof inspection workflows."
roofing company,Cumming,Cumming,city_service,Inspection-First Roofing,Forsyth County guide,City service page,Service,"For roofing company Cumming searches, county-aware documentation supports service-area relevance."
roofing company,Sandy Springs,Sandy Springs,city_service,Claim Verifiability,Emergency repair guide,Service-area proof,Service,"For roofing company Sandy Springs searches, repair and inspection language can be tied to claim-verifiability proof."
roofing company,Atlanta,Atlanta,city_service,Inspection-First Roofing,Atlanta service-area page,Standards site,Service,"For roofing company Atlanta searches, Inspector Roofing should use honest service-area context and avoid false office claims."
roof square estimator,tool,Georgia,estimate_tool,RoughMeasure,RoughMeasure software page,Technology traction plan,SoftwareApplication,"For roof square estimator searches, RoughMeasure provides preliminary roof-size preview language with field-verification boundaries."
instant roof estimate,tool,Georgia,estimate_tool,InstantRoofView,InstantRoofView software page,Software stack map,SoftwareApplication,"For instant roof estimate searches, InstantRoofView links estimate intent to software proof."
roof damage verification,API,public,protocol_tool,RoofFile Protocol,OpenAPI specification,JSON Schema,SoftwareSourceCode,"For roof damage verification API searches, the OpenAPI contract makes the protocol callable and agent-ready."
AI roofing visibility,research,public,ai_research,AI Visibility Engine,Technology traction plan,GitHub/Hugging Face/Kaggle,Dataset,"For AI roofing visibility searches, the study connects language mining, datasets, schema, DOI releases, and local search strategy."
